sample	assigned_reads	total_reads	assigned_percent	status
SRR14514240	5111632	19992909	25.5672	remove
SRR14514169	7572972	26821888	28.2343	remove
SRR14514341	6796591	23990027	28.3309	remove
SRR14514186	5725268	20124033	28.4499	remove
SRR14514216	8009700	27885683	28.7233	remove
SRR14514197	6861511	23749225	28.8915	remove
SRR14514214	5958340	20321089	29.321	remove
SRR14514199	6564623	22261446	29.4888	remove
SRR14514200	8944346	29929227	29.885	remove
SRR14514244	6456665	21214316	30.4354	remove
SRR14514198	5196784	17006356	30.5579	remove
SRR14514203	12160658	39636640	30.6803	remove
SRR14514202	7372857	24018630	30.6964	remove
SRR14514246	7834790	25212465	31.0751	remove
SRR14514187	5508646	17694354	31.1322	remove
SRR14514348	8133504	26080825	31.1858	remove
SRR14514178	8048613	25561135	31.4877	remove
SRR14514291	8618694	27246927	31.6318	remove
SRR14514174	8869526	28019596	31.6547	remove
SRR14514181	10055494	31340051	32.0851	remove
SRR14514183	8050304	25039378	32.1506	remove
SRR14514225	8544816	26523031	32.2166	remove
SRR14514258	12879588	39952011	32.2376	remove
SRR14514185	7030337	21802597	32.2454	remove
SRR14514219	7278765	22505787	32.3417	remove
SRR14514338	9348331	28813183	32.4446	remove
SRR14514257	7720662	23755477	32.5006	remove
SRR14514210	8155644	25035828	32.5759	remove
SRR14514242	10325566	31658756	32.6152	remove
SRR14514236	9360723	28621023	32.7058	remove
SRR14514231	12388809	37832496	32.7465	remove
SRR14514179	11803271	35801978	32.9682	remove
SRR14514195	6995255	21082745	33.18	remove
SRR14514188	7442146	22364480	33.2766	remove
SRR14514182	18691806	55979478	33.3905	remove
SRR14514170	14918495	44341982	33.6442	remove
SRR14514172	6764828	19981082	33.8562	remove
SRR14514175	8740967	25547085	34.2151	remove
SRR14514241	8175560	23865060	34.2574	remove
SRR14514220	8023274	23285093	34.4567	remove
SRR14514177	7861333	22671336	34.6752	remove
SRR14514180	7984209	22898706	34.8675	remove
SRR14514253	10462967	29938680	34.948	remove
SRR14514196	2399746	6815161	35.2119	keep
SRR14514243	9837840	27725680	35.4828	keep
SRR14514265	10928122	30752824	35.5353	keep
SRR14514191	10992131	30763929	35.7306	keep
SRR14514211	8209722	22971269	35.7391	keep
SRR14514254	10414589	29103206	35.785	keep
SRR14514250	9643584	26889581	35.8636	keep
SRR14514221	8426253	23478091	35.8899	keep
SRR14514167	11711122	32591791	35.9327	keep
SRR14514239	13772368	37968370	36.2733	keep
SRR14514171	10221649	28041826	36.4514	keep
SRR14514260	10122932	27770259	36.4524	keep
SRR14514227	9644111	26422231	36.5	keep
SRR14514259	14858231	40578439	36.6161	keep
SRR14514161	14563364	39554974	36.818	keep
SRR14514268	10359202	28021865	36.9683	keep
SRR14514339	8550824	23111600	36.998	keep
SRR14514309	7153500	19265233	37.1317	keep
SRR14514277	9274968	24906459	37.2392	keep
SRR14514192	15858378	42545202	37.2742	keep
SRR14514228	10976599	29383045	37.3569	keep
SRR14514215	15598024	41718865	37.3884	keep
SRR14514229	19815220	52808150	37.523	keep
SRR14514190	7399803	19678087	37.6043	keep
SRR14514168	7499742	19902255	37.6829	keep
SRR14514201	10427656	27639615	37.7272	keep
SRR14514223	10497192	27752485	37.8243	keep
SRR14514237	9831572	25864893	38.0113	keep
SRR14514233	12537355	32660461	38.387	keep
SRR14514166	2215827	5752963	38.5163	keep
SRR14514165	11407615	29596439	38.5439	keep
SRR14514264	9132738	23666435	38.5894	keep
SRR14514162	9795208	25348290	38.6425	keep
SRR14514234	14754442	38146277	38.6786	keep
SRR14514209	12249411	31630801	38.7262	keep
SRR14514189	11402758	29390334	38.7976	keep
SRR14514275	4818164	12382297	38.9117	keep
SRR14514204	10035808	25688149	39.0679	keep
SRR14514248	12591125	31976570	39.3761	keep
SRR14514344	9321885	23580256	39.5326	keep
SRR14514218	13109259	33013115	39.7092	keep
SRR14514176	10370752	26076335	39.7707	keep
SRR14514193	13087671	32896435	39.7845	keep
SRR14514286	9214738	23095569	39.8983	keep
SRR14514263	13200724	33075384	39.911	keep
SRR14514212	15186615	37800643	40.1755	keep
SRR14514238	12016194	29879173	40.216	keep
SRR14514318	8298488	20612512	40.2595	keep
SRR14514226	13392717	33163662	40.3837	keep
SRR14514213	7318895	18087641	40.4635	keep
SRR14514334	11779676	29081196	40.5062	keep
SRR14514205	15598456	38437330	40.5815	keep
SRR14514245	8794414	21231245	41.422	keep
SRR14514284	7080865	17092670	41.4263	keep
SRR14514300	7967492	18939092	42.069	keep
SRR14514301	12034367	28513877	42.2053	keep
SRR14514316	18717348	44327650	42.225	keep
SRR14514321	9690902	22909347	42.3011	keep
SRR14514207	15812030	37378247	42.3028	keep
SRR14514304	10703522	25209864	42.4577	keep
SRR14514319	13322671	31304418	42.5584	keep
SRR14514342	9142261	21448844	42.6236	keep
SRR14514247	6114606	14306166	42.7411	keep
SRR14514272	12550840	29310157	42.8208	keep
SRR14514324	11658204	27145255	42.9475	keep
SRR14514326	14499624	33672456	43.0608	keep
SRR14514194	10276345	23848090	43.0909	keep
SRR14514331	13217882	30672453	43.0937	keep
SRR14514249	17302784	40061172	43.1909	keep
SRR14514283	14490355	32924935	44.0103	keep
SRR14514206	8930313	20279076	44.0371	keep
SRR14514328	11344509	25615495	44.2877	keep
SRR14514276	9583569	21622640	44.3219	keep
SRR14514184	13963598	31408857	44.4575	keep
SRR14514299	11086092	24922688	44.4819	keep
SRR14514262	9323171	20945040	44.5125	keep
SRR14514345	15289451	34288265	44.5909	keep
SRR14514208	11346014	25436239	44.6057	keep
SRR14514310	12130141	27167934	44.6487	keep
SRR14514279	8856313	19754438	44.832	keep
SRR14514266	12301118	27263254	45.1198	keep
SRR14514314	9573783	21186783	45.1875	keep
SRR14514256	17033563	37692854	45.1904	keep
SRR14514255	11390464	25073186	45.4289	keep
SRR14514278	12377105	27202534	45.4998	keep
SRR14514224	18289238	40024683	45.6949	keep
SRR14514287	11823976	25874439	45.6975	keep
SRR14514290	11059423	24061303	45.9635	keep
SRR14514343	15340833	33233164	46.1612	keep
SRR14514232	14261482	30766121	46.3545	keep
SRR14514252	9818055	21128116	46.4691	keep
SRR14514282	1684367	3621479	46.5105	keep
SRR14514293	16193252	34702742	46.6627	keep
SRR14514315	9947113	21236961	46.8387	keep
SRR14514294	14890832	31735433	46.9218	keep
SRR14514302	11500261	24438138	47.0587	keep
SRR14514298	15402766	32615494	47.2253	keep
SRR14514269	5581867	11816738	47.237	keep
SRR14514311	10421864	22049059	47.2667	keep
SRR14514349	2218555	4685107	47.3533	keep
SRR14514288	14269230	30124230	47.3679	keep
SRR14514274	12776324	26972175	47.3685	keep
SRR14514273	12501081	26377730	47.3926	keep
SRR14514306	12522962	26169532	47.8532	keep
SRR14514329	13824960	28654009	48.2479	keep
SRR14514230	12521794	25897993	48.3504	keep
SRR14514267	13404625	27717497	48.3616	keep
SRR14514173	12526937	25861463	48.4386	keep
SRR14514251	12754598	26256065	48.5777	keep
SRR14514217	14762204	30098137	49.0469	keep
SRR14514289	13395918	27268599	49.1258	keep
SRR14514280	11264413	22925495	49.1349	keep
SRR14514332	16298719	33022046	49.3571	keep
SRR14514322	11223807	22711114	49.4199	keep
SRR14514292	12729138	25690797	49.5475	keep
SRR14514271	10278611	20699480	49.6564	keep
SRR14514281	12377427	24919126	49.6704	keep
SRR14514336	18673146	37442669	49.8713	keep
SRR14514296	12596335	25012916	50.3593	keep
SRR14514327	13909869	27602308	50.3939	keep
SRR14514325	21690505	42971527	50.4765	keep
SRR14514312	12921306	25436877	50.7975	keep
SRR14514163	15914695	31084380	51.1984	keep
SRR14514305	20766953	40211714	51.644	keep
SRR14514222	17458957	33565390	52.0148	keep
SRR14514317	10590005	19874403	53.2846	keep
SRR14514303	12630661	23557468	53.6164	keep
SRR14514335	16865751	31358775	53.7832	keep
SRR14514295	18213598	33768666	53.9364	keep
SRR14514350	10945204	19896453	55.0108	keep
SRR14514323	18680570	33846716	55.1917	keep
SRR14514261	17439936	31316655	55.689	keep
SRR14514270	19949738	35031988	56.9472	keep
SRR14514297	13011068	22355093	58.2018	keep
SRR14514333	22707838	38482178	59.0087	keep
SRR14514337	19983517	33842866	59.0479	keep
SRR14514320	19509516	33001029	59.1179	keep
SRR14514307	23196091	39226330	59.134	keep
SRR14514235	12418580	20987776	59.1705	keep
SRR14514285	20974437	35032068	59.8721	keep
SRR14514347	16670320	27814037	59.9349	keep
SRR14514308	7393648	12113739	61.0352	keep
SRR14514330	12078608	19641111	61.4966	keep
SRR14514313	15713598	25301802	62.1047	keep
SRR14514164	14437814	23158645	62.3431	keep
SRR14514346	15167424	23782653	63.7752	keep
SRR14514340	19160085	28228427	67.8751	keep
SRR14514351	24025395	34278296	70.0892	keep
